<?xml version="1.0" encoding="UTF-8"?>
<metadata xml:lang="es"><Esri><CreaDate>20240609</CreaDate><CreaTime>22211600</CreaTime><ArcGISFormat>1.0</ArcGISFormat><SyncOnce>TRUE</SyncOnce><DataProperties><lineage><Process ToolSource="c:\program files (x86)\arcgis\desktop10.8\ArcToolbox\Toolboxes\Data Management Tools.tbx\CreateFeatureclass" Date="20240609" Time="222116">CreateFeatureclass C:\Users\JOTA\Documents\TRABAJO\Villaviciencio CORREGIMIENTOS POLYGON # DISABLED DISABLED "PROJCS['MAGNA_Colombia_Bogota',GEOGCS['GCS_MAGNA',DATUM['D_MAGNA',SPHEROID['GRS_1980',6378137.0,298.257222101]],PRIMEM['Greenwich',0.0],UNIT['Degree',0.0174532925199433]],PROJECTION['Transverse_Mercator'],PARAMETER['False_Easting',1000000.0],PARAMETER['False_Northing',1000000.0],PARAMETER['Central_Meridian',-74.07750791666666],PARAMETER['Scale_Factor',1.0],PARAMETER['Latitude_Of_Origin',4.596200416666666],UNIT['Meter',1.0]];-4623200 -9510300 10000;-100000 10000;-100000 10000;0,001;0,001;0,001;IsHighPrecision" # 0 0 0</Process></lineage></DataProperties></Esri></metadata>
